Workbook

Sheet discountedtwo
A1: id | B1: uuid | C1: barcode | D1: title | E1: description | F1: selling_price | G1: category_id | H1: sub_category | I1: mini_category | J1: brand_id | K1: product_type | L1: product_image | M1: product_image_1 | N1: product_image_2 | O1: product_image_3 | P1: product_image_4 | Q1: product_image_5 | R1: product_image_6 | S1: product_image_7 | T1: product_image_8 | U1: product_image_9 | V1: product_image_10 | W1: quantity | X1: active | Y1: meta_keywords | Z1: created_at | AA1: updated_at | AB1: discount_percentage | AC1: discount_start | AD1: discount_end
A2: 319 | B2: 75378257-0e97-44eb-b475-ef0d69bf2696 | C2: 6920250103143 | D2: ZF Candy Dog 22CM | E2: ZF Candy Dog 22CM | F2: 550 | G2: 6 | H2: 48 | I2: 171 | J2: 0 | K2: NULL | L2: 6920250103143.jpg | W2: 1500 | X2: 1 | Z2: 2025-06-26T13:32:00.99999999627470925 | AA2: 2025-06-26T13:32:00.99999999627470925 | AB2: 30 | AC2: 2026-01-01T23:59:58.00000016111880300 | AD2: 2026-01-31T23:59:58.99999976623803075
A3: 320 | B3: a10b8848-e1ed-4da5-8964-42e6c688ea71 | C3: 6920250103150 | D3: LY Rabbit 18CM | E3: LY Rabbit 18CM | F3: 420 | G3: 6 | H3: 48 | I3: 171 | J3: 0 | K3: NULL | L3: 6920250103150.jpg | W3: 1500 | X3: 1 | Z3: 2025-06-26T13:32:00.99999999627470925 | AA3: 2025-06-26T13:32:00.99999999627470925 | AB3: 29.76 | AC3: 2026-01-01T23:59:58.00000016111880300 | AD3: 2026-01-31T23:59:58.99999976623803075
A4: 321 | B4: f671fe1f-f152-4891-a171-db462e056966 | C4: 6920250103181 | D4: WJX Snapping Panda 30CM | E4: WJX Snapping Panda 30CM | F4: 520 | G4: 6 | H4: 48 | I4: 171 | J4: 0 | K4: NULL | L4: 6920250103181.jpg | M4: 6920250103181 B.jpg | W4: 1500 | X4: 1 | Z4: 2025-06-26T13:32:00.99999999627470925 | AA4: 2025-06-26T13:32:00.99999999627470925 | AB4: 29.81 | AC4: 2026-01-01T23:59:58.00000016111880300 | AD4: 2026-01-31T23:59:58.99999976623803075
A5: 322 | B5: 0310129a-fd9b-4123-9bc9-c64cb9185aef | C5: 6920250103358 | D5: DGM Boutique Penguin 24CM | E5: DGM Boutique Penguin 24CM | F5: 640 | G5: 6 | H5: 48 | I5: 171 | J5: 0 | K5: NULL | L5: 6920250103358.jpg | W5: 1500 | X5: 1 | Z5: 2025-06-26T13:32:00.99999999627470925 | AA5: 2025-06-26T13:32:00.99999999627470925 | AB5: 29.69 | AC5: 2026-01-01T23:59:58.00000016111880300 | AD5: 2026-01-31T23:59:58.99999976623803075
A6: 323 | B6: 2ff78d6f-0d54-4f91-8e4c-928661e11ff6 | C6: 6920250103396 | D6: XHG Colorful Bear 30CM | E6: XHG Colorful Bear 30CM | F6: 800 | G6: 6 | H6: 48 | I6: 171 | J6: 0 | K6: NULL | L6: 6920250103396.jpg | W6: 1500 | X6: 1 | Z6: 2025-06-26T13:32:00.99999999627470925 | AA6: 2025-06-26T13:32:00.99999999627470925 | AB6: 30 | AC6: 2026-01-01T23:59:58.00000016111880300 | AD6: 2026-01-31T23:59:58.99999976623803075
A7: 324 | B7: 5086adaa-68f6-4d62-91ad-3728e672aadd | C7: 6920250103419 | D7: WZQ Flower Sitting Bear 22CM | E7: WZQ Flower Sitting Bear 22CM | F7: 700 | G7: 6 | H7: 48 | I7: 171 | J7: 0 | K7: NULL | L7: 6920250103419.jpg | W7: 1500 | X7: 1 | Z7: 2025-06-26T13:32:00.99999999627470925 | AA7: 2025-06-26T13:32:00.99999999627470925 | AB7: 30 | AC7: 2026-01-01T23:59:58.00000016111880300 | AD7: 2026-01-31T23:59:58.99999976623803075
A8: 325 | B8: f52b0ac4-d798-434d-87f6-980e09ac24ab | C8: 6920250103532 | D8: WBL Curly Coated Bichon Frise 20CM | E8: WBL Curly Coated Bichon Frise 20CM | F8: 780 | G8: 6 | H8: 48 | I8: 171 | J8: 0 | K8: NULL | L8: 6920250103532.jpg | M8: 6920250103532B.jpg | W8: 1500 | X8: 1 | Z8: 2025-06-26T13:32:00.99999999627470925 | AA8: 2025-06-26T13:32:00.99999999627470925 | AB8: 30.13 | AC8: 2026-01-01T23:59:58.00000016111880300 | AD8: 2026-01-31T23:59:58.99999976623803075
A9: 379 | B9: 52e69488-4f45-41fe-bfe6-c657765573ca | C9: 6971082817432 | D9: Weibo color pencil 12 colors | E9: Weibo color pencil 12 colors | F9: 200 | G9: 7 | H9: 0 | I9: 0 | J9: 0 | K9: NULL | L9: 6971082817432.jpg | W9: 1500 | X9: 1 | Z9: 2025-06-26T13:32:00.99999999627470925 | AA9: 2025-06-26T13:32:00.99999999627470925 | AB9: 30.56 | AC9: 2026-01-01T23:59:58.00000016111880300 | AD9: 2026-01-31T23:59:58.99999976623803075
A10: 380 | B10: c63acf8c-b141-42f2-a432-0fbe2a474cf7 | C10: 6971082817449 | D10: Weibo color pencil 18 colors | E10: Weibo color pencil 18 colors | F10: 280 | G10: 7 | H10: 0 | I10: 0 | J10: 0 | K10: NULL | L10: 6971082817449.jpg | W10: 1500 | X10: 1 | Z10: 2025-06-26T13:32:00.99999999627470925 | AA10: 2025-06-26T13:32:00.99999999627470925 | AB10: 30.36 | AC10: 2026-01-01T23:59:58.00000016111880300 | AD10: 2026-01-31T23:59:58.99999976623803075
A11: 381 | B11: 99158d0a-d170-49b4-99f6-0481ee94396a | C11: 6971082817456 | D11: Weibo color pencil 24 colors | E11: Weibo color pencil 24 colors | F11: 360 | G11: 7 | H11: 0 | I11: 0 | J11: 0 | K11: NULL | L11: 6971082817456.jpg | W11: 1500 | X11: 1 | Z11: 2025-06-26T13:32:00.99999999627470925 | AA11: 2025-06-26T13:32:00.99999999627470925 | AB11: 30 | AC11: 2026-01-01T23:59:58.00000016111880300 | AD11: 2026-01-31T23:59:58.99999976623803075
A12: 391 | B12: 628198c3-4caa-4039-8f2a-62fe9ab5004b | C12: 6976693300076 | D12: Weibo 12 Colors Powder | E12: Weibo 12 Colors Powder | F12: 320 | G12: 7 | H12: 0 | I12: 0 | J12: 0 | K12: NULL | L12: 6976693300076.jpg | W12: 1500 | X12: 1 | Z12: 2025-06-26T13:32:00.99999999627470925 | AA12: 2025-06-26T13:32:00.99999999627470925 | AB12: 29.63 | AC12: 2026-01-01T23:59:58.00000016111880300 | AD12: 2026-01-31T23:59:58.99999976623803075
A13: 392 | B13: e0c7b03e-aac1-4ef5-b54f-6fac9451c4bc | C13: 6976693300090 | D13: Weibo 28 Colors pastels | E13: Weibo 28 Colors pastels | F13: 700 | G13: 7 | H13: 0 | I13: 0 | J13: 0 | K13: NULL | L13: 6976693300090.jpg | W13: 1500 | X13: 1 | Z13: 2025-06-26T13:32:00.99999999627470925 | AA13: 2025-06-26T13:32:00.99999999627470925 | AB13: 30 | AC13: 2026-01-01T23:59:58.00000016111880300 | AD13: 2026-01-31T23:59:58.99999976623803075
A14: 394 | B14: b309f00b-6b58-447e-9527-1228fec5e593 | C14: 6976693300700 | D14: B5 PP Spacer Book | E14: B5 PP Spacer Book | F14: 460 | G14: 7 | H14: 0 | I14: 0 | J14: 0 | K14: NULL | L14: 6976693300700.jpg | W14: 1500 | X14: 1 | Z14: 2025-06-26T13:32:00.99999999627470925 | AA14: 2025-06-26T13:32:00.99999999627470925 | AB14: 8.7 | AC14: 2026-01-01T23:59:58.00000016111880300 | AD14: 2026-01-31T23:59:58.99999976623803075
A15: 396 | B15: ff90e182-c31a-4702-b521-8aa5ce0a04b3 | C15: 6976693301615 | D15: Twill page front insert with pen holder triple information rack | E15: Twill page front insert with pen holder triple information rack | F15: 1110 | G15: 7 | H15: 0 | I15: 0 | J15: 0 | K15: NULL | L15: 6976693301615.jpg | W15: 1500 | X15: 1 | Z15: 2025-06-26T13:32:00.99999999627470925 | AA15: 2025-06-26T13:32:00.99999999627470925 | AB15: 30.18 | AC15: 2026-01-01T23:59:58.00000016111880300 | AD15: 2026-01-31T23:59:58.99999976623803075
A16: 397 | B16: 440d1f86-0caf-43bb-8873-4731c3d62724 | C16: 6976693301622 | D16: Twill page front insert with pen holder 4pcs | E16: Twill page front insert with pen holder 4pcs | F16: 1360 | G16: 7 | H16: 0 | I16: 0 | J16: 0 | K16: NULL | L16: 6976693301622.jpg | W16: 1500 | X16: 1 | Z16: 2025-06-26T13:32:00.99999999627470925 | AA16: 2025-06-26T13:32:00.99999999627470925 | AB16: 30.15 | AC16: 2026-01-01T23:59:58.00000016111880300 | AD16: 2026-01-31T23:59:58.99999976623803075
A17: 400 | B17: 1dc19953-10b1-45d7-85b2-484b90a775b5 | C17: 6976693304449 | D17: Transparent Fluorescent Eraser | E17: Transparent Fluorescent Eraser | F17: 40 | G17: 7 | H17: 0 | I17: 0 | J17: 0 | K17: NULL | L17: 6976693304449.jpg | M17: 6976693304449 B.jpg | W17: 1500 | X17: 1 | Z17: 2025-06-26T13:32:00.99999999627470925 | AA17: 2025-06-26T13:32:00.99999999627470925 | AB17: 25 | AC17: 2026-01-01T23:59:58.00000016111880300 | AD17: 2026-01-31T23:59:58.99999976623803075
A18: 401 | B18: 2156a52b-5ca1-429e-af0f-84cbdfe3aff4 | C18: 6976693305163 | D18: Square Pen Holder | E18: Square Pen Holder | F18: 220 | G18: 7 | H18: 0 | I18: 0 | J18: 0 | K18: NULL | L18: 6976693305163.jpg | W18: 1500 | X18: 1 | Z18: 2025-06-26T13:32:00.99999999627470925 | AA18: 2025-06-26T13:32:00.99999999627470925 | AB18: 31.58 | AC18: 2026-01-01T23:59:58.00000016111880300 | AD18: 2026-01-31T23:59:58.99999976623803075
A19: 402 | B19: 43ec6d18-9890-470a-be63-a0fe266b4048 | C19: 6976693305170 | D19: Round Pen Holder | E19: Round Pen Holder | F19: 220 | G19: 7 | H19: 0 | I19: 0 | J19: 0 | K19: NULL | L19: 6976693305170.jpg | M19: 6976693305170 B.jpg | W19: 1500 | X19: 1 | Z19: 2025-06-26T13:32:00.99999999627470925 | AA19: 2025-06-26T13:32:00.99999999627470925 | AB19: 31.58 | AC19: 2026-01-01T23:59:58.00000016111880300 | AD19: 2026-01-31T23:59:58.99999976623803075
A20: 404 | B20: bbf3925c-10f1-4aa8-a79c-93f0ae0f0036 | C20: 6976693307471 | D20: Weibo Sketchbook A4 40PG | E20: Weibo Sketchbook A4 40PG | F20: 480 | G20: 7 | H20: 0 | I20: 0 | J20: 0 | K20: NULL | L20: 6976693307471.jpg | W20: 1500 | X20: 1 | Z20: 2025-06-26T13:32:00.99999999627470925 | AA20: 2025-06-26T13:32:00.99999999627470925 | AB20: 30.21 | AC20: 2026-01-01T23:59:58.00000016111880300 | AD20: 2026-01-31T23:59:58.99999976623803075
A21: 405 | B21: 86d0734d-0e92-4445-88a7-439281361b66 | C21: 6976693308188 | D21: A4 Leather Book | E21: A4 Leather Book | F21: 1000 | G21: 7 | H21: 0 | I21: 0 | J21: 0 | K21: NULL | L21: 6976693308188.jpg | W21: 1500 | X21: 1 | Z21: 2025-06-26T13:32:00.99999999627470925 | AA21: 2025-06-26T13:32:00.99999999627470925 | AB21: 30 | AC21: 2026-01-01T23:59:58.00000016111880300 | AD21: 2026-01-31T23:59:58.99999976623803075
A22: 406 | B22: e753cf64-acc3-4750-8fbd-7cc3330b34c3 | C22: 6976693309246 | D22: A5 leather book | E22: A5 leather book | F22: 600 | G22: 7 | H22: 0 | I22: 0 | J22: 0 | K22: NULL | L22: 6976693309246.jpg | W22: 1500 | X22: 1 | Z22: 2025-06-26T13:32:00.99999999627470925 | AA22: 2025-06-26T13:32:00.99999999627470925 | AB22: 30.19 | AC22: 2026-01-01T23:59:58.00000016111880300 | AD22: 2026-01-31T23:59:58.99999976623803075
A23: 408 | B23: 9bd77a90-6e6e-409f-aafc-0818055d448f | C23: 6977272390051 | D23: Drawing Board | E23: Drawing Board | F23: 450 | G23: 7 | H23: 0 | I23: 0 | J23: 0 | K23: NULL | L23: 6977272390051.jpg | W23: 1500 | X23: 1 | Z23: 2025-06-26T13:32:00.99999999627470925 | AA23: 2025-06-26T13:32:00.99999999627470925 | AB23: 30 | AC23: 2026-01-01T23:59:58.00000016111880300 | AD23: 2026-01-31T23:59:58.99999976623803075
A24: 409 | B24: ef9d9df1-0706-4f7c-9084-f63da6d1e711 | C24: 6977272390068 | D24: Drawing board WB05075 | E24: Drawing board WB-05076 | F24: 650 | G24: 7 | H24: 0 | I24: 0 | J24: 0 | K24: NULL | L24: 6977272390068.jpg | W24: 1500 | X24: 1 | Z24: 2025-06-26T13:32:00.99999999627470925 | AA24: 2025-06-26T13:32:00.99999999627470925 | AB24: 30 | AC24: 2026-01-01T23:59:58.00000016111880300 | AD24: 2026-01-31T23:59:58.99999976623803075
A25: 410 | B25: b7adf1b4-4257-4a58-a006-607e638c1e82 | C25: 6977272392802 | D25: Unicorn Hexagonal Pencil Sharpener | E25: Unicorn Hexagonal Pencil Sharpener | F25: 150 | G25: 7 | H25: 0 | I25: 0 | J25: 0 | K25: NULL | L25: 6977272392802.jpg | W25: 1500 | X25: 1 | Z25: 2025-06-26T13:32:00.99999999627470925 | AA25: 2025-06-26T13:32:00.99999999627470925 | AB25: 30 | AC25: 2026-01-01T23:59:58.00000016111880300 | AD25: 2026-01-31T23:59:58.99999976623803075
A26: 1067 | B26: b46320b5-30a1-48bc-8a7b-8b60779fd3a5 | C26: 6977272392994 | D26: 8 LCD Writing Board | E26: 8.5 â”œÃ¢â•žÃ†â”œÃ¥Î“Ã‡Ã–â”œÃ¢Î“Ã‡Ãœâ”œÃ©â”¬Ã³â”œÃ¢â•žÃ†â”œÃ©â”¬Ã³â”œÃ¢â”¬Ã³â”œÃ³Î“Ã‡Ãœâ”¬Â¼â”œÃ â”¬Ã­â”œÃ¢Î“Ã‡Ãœâ”œÃ©â”¬Â¼â”œÃ¢â•žÃ†â”œÃ³Î“Ã©Â¼â”¼Ã­â”œÃ¢Î“Ã‡Ãœâ”œÃ©â”¬Â¥LCD Writing Board | F26: 500 | G26: 7 | H26: 0 | I26: 0 | J26: 0 | K26: NULL | L26: 8.5_ LCD Writing Board (box).jpg | M26: 8.5_ LCD Writing Board 1.jpg | N26: 8.5_ LCD Writing Board 2.jpg | W26: 1500 | X26: 1 | Z26: 2025-06-26T13:32:00.99999999627470925 | AA26: 2025-06-26T13:32:00.99999999627470925 | AB26: 30 | AC26: 2026-01-01T23:59:58.00000016111880300 | AD26: 2026-01-31T23:59:58.99999976623803075
A27: 1068 | B27: 6245975b-1b9e-40dd-ab12-9d5b5931f6f0 | C27: 6977272393007 | D27: 10 LCD Writing Board | E27: 10.5â”œÃ¢â•žÃ†â”œÃ¥Î“Ã‡Ã–â”œÃ¢Î“Ã‡Ãœâ”œÃ©â”¬Ã³â”œÃ¢â•žÃ†â”œÃ©â”¬Ã³â”œÃ¢â”¬Ã³â”œÃ³Î“Ã‡Ãœâ”¬Â¼â”œÃ â”¬Ã­â”œÃ¢Î“Ã‡Ãœâ”œÃ©â”¬Â¼â”œÃ¢â•žÃ†â”œÃ³Î“Ã©Â¼â”¬Âªâ”œÃ¢â”¬Ã³â”œÃ³Î“Ã‡Ãœâ”¬Â¼â”œÃ Î“Ã‡Â£ LCD Writing Board | F27: 600 | G27: 7 | H27: 0 | I27: 0 | J27: 0 | K27: NULL | L27: 10.5_ LCD Writing Board (box).jpg | M27: 10.5_ LCD Writing Board 1.jpg | N27: 10.5_ LCD Writing Board 2.jpg | W27: 1500 | X27: 1 | Z27: 2025-06-26T13:32:00.99999999627470925 | AA27: 2025-06-26T13:32:00.99999999627470925 | AB27: 30 | AC27: 2026-01-01T23:59:58.00000016111880300 | AD27: 2026-01-31T23:59:58.99999976623803075
A28: 1070 | B28: 87180e5f-083f-4af2-b7a5-0685fe6c843b | C28: 6975628229772 | D28: 6 Brushes Set WB 5001 6 | E28: 6 Brushes Set WB-5001-6 | F28: 300 | G28: 7 | H28: 0 | I28: 0 | J28: 0 | K28: NULL | L28: 6 Brush Set 1.jpg | M28: 6 Brush Set 2.jpg | W28: 1500 | X28: 1 | Z28: 2025-06-26T13:32:00.99999999627470925 | AA28: 2025-06-26T13:32:00.99999999627470925 | AB28: 30 | AC28: 2026-01-01T23:59:58.00000016111880300 | AD28: 2026-01-31T23:59:58.99999976623803075
A29: 1071 | B29: af7a9fd9-69dc-4848-b6e0-6e1e08a3c865 | C29: 6975628229789 | D29: 12 Brushes Set WB 5001 12 | E29: 12 Brushes Set WB-5001-12 | F29: 420 | G29: 7 | H29: 0 | I29: 0 | J29: 0 | K29: NULL | L29: 12 Brush Set.jpg | M29: 12 Brush Set 2.jpg | W29: 1500 | X29: 1 | Z29: 2025-06-26T13:32:00.99999999627470925 | AA29: 2025-06-26T13:32:00.99999999627470925 | AB29: 29.76 | AC29: 2026-01-01T23:59:58.00000016111880300 | AD29: 2026-01-31T23:59:58.99999976623803075
A30: 1072 | B30: e7418a04-95b1-42db-8c32-2f17475d1df6 | C30: 6975628229758 | D30: 12 Colors Acrylic Paint | E30: 12 Colors Acrylic Paint | F30: 400 | G30: 7 | H30: 0 | I30: 0 | J30: 0 | K30: NULL | L30: 12 Color Acrylic Paint 1.jpg | M30: 12 Color Acrylic Paint 2.jpg | W30: 1500 | X30: 1 | Z30: 2025-06-26T13:32:00.99999999627470925 | AA30: 2025-06-26T13:32:00.99999999627470925 | AB30: 30 | AC30: 2026-01-01T23:59:58.00000016111880300 | AD30: 2026-01-31T23:59:58.99999976623803075
A31: 1076 | B31: 288e854a-d99e-465c-872a-f6a3127f10a9 | C31: 6975628229796 | D31: 18 Colors Acrylic Paint | E31: 18 Colors Acrylic Paint | F31: 630 | G31: 7 | H31: 0 | I31: 0 | J31: 0 | K31: NULL | L31: 18 Color Acrylic Paint 1.jpg | M31: 18 Color Acrylic Paint 2.jpg | W31: 1500 | X31: 1 | Z31: 2025-06-26T13:32:00.99999999627470925 | AA31: 2025-06-26T13:32:00.99999999627470925 | AB31: 30.16 | AC31: 2026-01-01T23:59:58.00000016111880300 | AD31: 2026-01-31T23:59:58.99999976623803075
A32: 1081 | B32: 6793014d-53af-4392-85f5-47305eb44fa5 | C32: 6976693309840 | D32: 24 colors Watercolor Cake Set | E32: 24 colors Watercolor Cake Set | F32: 850 | G32: 7 | H32: 0 | I32: 0 | J32: 0 | K32: NULL | L32: 24 Colors Watercolor Cake set 1.jpg | M32: 24 Colors Watercolor Cake set 2.jpg | W32: 1500 | X32: 1 | Z32: 2025-06-26T13:32:00.99999999627470925 | AA32: 2025-06-26T13:32:00.99999999627470925 | AB32: 30 | AC32: 2026-01-01T23:59:58.00000016111880300 | AD32: 2026-01-31T23:59:58.99999976623803075
A33: 1083 | B33: f765bbaa-7045-4283-843a-1a39fd982e4b | C33: 6976693300106 | D33: 36 Colors Watercolor Acuarela | E33: 37 Colors Watercolor Acuarela | F33: 660 | G33: 7 | H33: 0 | I33: 0 | J33: 0 | K33: NULL | L33: 36 Colour Watercolour.jpg | W33: 1500 | X33: 1 | Z33: 2025-06-26T13:32:00.99999999627470925 | AA33: 2025-06-26T13:32:00.99999999627470925 | AB33: 30 | AC33: 2026-01-01T23:59:58.00000016111880300 | AD33: 2026-01-31T23:59:58.99999976623803075
A34: 1092 | B34: 4ed14066-ceb6-44e6-a460-93ef2bf4cf97 | C34: 6971082815421 | D34: Blue Neutral Pen | E34: Blue Neutral Pen | F34: 100 | G34: 7 | H34: 0 | I34: 0 | J34: 0 | K34: NULL | L34: Blue Neutral Pen.jpg | W34: 1500 | X34: 1 | Z34: 2025-06-26T13:32:00.99999999627470925 | AA34: 2025-06-26T13:32:00.99999999627470925 | AB34: 30 | AC34: 2026-01-01T23:59:58.00000016111880300 | AD34: 2026-01-31T23:59:58.99999976623803075
A35: 1098 | B35: b90e4014-0ab1-48d0-96af-4b21a1a78d66 | C35: 6971082810402 | D35: 12 Colors Watercolor Pen | E35: 12 Colors Watercolor Pen | F35: 290 | G35: 7 | H35: 0 | I35: 0 | J35: 0 | K35: NULL | L35: Colors Water Colors 1.jpg | M35: Colors Water Colors 2.jpg | W35: 1500 | X35: 1 | Z35: 2025-06-26T13:32:00.99999999627470925 | AA35: 2025-06-26T13:32:00.99999999627470925 | AB35: 31.03 | AC35: 2026-01-01T23:59:58.00000016111880300 | AD35: 2026-01-31T23:59:58.99999976623803075
A36: 1100 | B36: bc87edb0-e794-4684-96f2-4358809c8b60 | C36: 6971082812239 | D36: 12 Colors Twin Marker | E36: 12 Colors Twin Marker | F36: 500 | G36: 7 | H36: 0 | I36: 0 | J36: 0 | K36: NULL | L36: Colour Twin Marker (12 colors)1.jpg | M36: Colour Twin Marker (12 colors)2.jpg | W36: 1500 | X36: 1 | Z36: 2025-06-26T13:32:00.99999999627470925 | AA36: 2025-06-26T13:32:00.99999999627470925 | AB36: 30 | AC36: 2026-01-01T23:59:58.00000016111880300 | AD36: 2026-01-31T23:59:58.99999976623803075
A37: 1101 | B37: 833e488c-aaac-4732-9a17-a186222a550b | C37: 6971082816251 | D37: 18 Colors Twin Marker | E37: 18 Colors Twin Marker | F37: 800 | G37: 7 | H37: 0 | I37: 0 | J37: 0 | K37: NULL | L37: Colour Twin Marker (18 colors)1.jpg | M37: Colour Twin Marker (18 colors)2.jpg | W37: 1500 | X37: 1 | Z37: 2025-06-26T13:32:00.99999999627470925 | AA37: 2025-06-26T13:32:00.99999999627470925 | AB37: 30 | AC37: 2026-01-01T23:59:58.00000016111880300 | AD37: 2026-01-31T23:59:58.99999976623803075
A38: 1102 | B38: e7e1cef7-cf5a-4e4c-bb10-ca088fa0cb9a | C38: 6971082818811 | D38: Correction Tape | E38: Correction Tape | F38: 60 | G38: 7 | H38: 0 | I38: 0 | J38: 0 | K38: NULL | L38: Correction Tape (blue).jpg | M38: Correction Tape (green).jpg | N38: Correction Tape (orange).jpg | W38: 1500 | X38: 1 | Z38: 2025-06-26T13:32:00.99999999627470925 | AA38: 2025-06-26T13:32:00.99999999627470925 | AB38: 25 | AC38: 2026-01-01T23:59:58.00000016111880300 | AD38: 2026-01-31T23:59:58.99999976623803075
A39: 1105 | B39: e35d4360-a717-4b4e-9e92-5f8ed844342b | C39: 6971082818811 | D39: CRYSTAL STATIONERY TAPE 12PCS | E39: CRYSTAL STATIONERY TAPE 12PCS | F39: 360 | G39: 7 | H39: 0 | I39: 0 | J39: 0 | K39: NULL | L39: Crystal Stationery Tape 12PCS.jpg | W39: 1500 | X39: 1 | Z39: 2025-06-26T13:32:00.99999999627470925 | AA39: 2025-06-26T13:32:00.99999999627470925 | AB39: 25 | AC39: 2026-01-01T23:59:58.00000016111880300 | AD39: 2026-01-31T23:59:58.99999976623803075
A40: 1106 | B40: f890be06-fd35-4428-8932-81647ee82a14 | C40: 6971082818811 | D40: Weibo Desktop Calculator | E40: Weibo Desktop Calculator | F40: 600 | G40: 7 | H40: 0 | I40: 0 | J40: 0 | K40: NULL | L40: Desktop Calculator 1.jpg | M40: Desktop Calculator 2.jpg | W40: 1500 | X40: 1 | Z40: 2025-06-26T13:32:00.99999999627470925 | AA40: 2025-06-26T13:32:00.99999999627470925 | AB40: 25 | AC40: 2026-01-01T23:59:58.00000016111880300 | AD40: 2026-01-31T23:59:58.99999976623803075
A41: 1107 | B41: 037b14da-4e5e-40f4-9c18-2014f157102d | C41: 6971082812246 | D41: Dual Tip Marker 24 Colors | E41: Dual Tip Marker 24 Colors | F41: 1200 | G41: 7 | H41: 0 | I41: 0 | J41: 0 | K41: NULL | L41: Double End Marker (24 colors)1.jpg | M41: Double End Marker (24 colors)2.jpg | W41: 1500 | X41: 1 | Z41: 2025-06-26T13:32:00.99999999627470925 | AA41: 2025-06-26T13:32:00.99999999627470925 | AB41: 30 | AC41: 2026-01-01T23:59:58.00000016111880300 | AD41: 2026-01-31T23:59:58.99999976623803075
A42: 1108 | B42: fad9bd37-9f98-44cf-aa3c-2008369b9a0c | C42: 6971082812260 | D42: Dual Tip Marker 36 Colors | E42: Dual Tip Marker 36 Colors | F42: 1750 | G42: 7 | H42: 0 | I42: 0 | J42: 0 | K42: NULL | L42: Double End Marker (36 colors)1.jpg | M42: Double End Marker (36 colors)2.jpg | W42: 1500 | X42: 1 | Z42: 2025-06-26T13:32:00.99999999627470925 | AA42: 2025-06-26T13:32:00.99999999627470925 | AB42: 30 | AC42: 2026-01-01T23:59:58.00000016111880300 | AD42: 2026-01-31T23:59:58.99999976623803075
A43: 1110 | B43: 6d9184a9-1f3e-461c-8f5d-139fc137d119 | C43: 6976693301189 | D43: Weibo Double-Sided Tape | E43: Double-Sided Tape 2.4X8M | F43: 100 | G43: 7 | H43: 0 | I43: 0 | J43: 0 | K43: NULL | L43: Double Sided Tape 1.jpg | M43: Double Sided Tape 2.jpg | W43: 1500 | X43: 1 | Z43: 2025-06-26T13:32:00.99999999627470925 | AA43: 2025-06-26T13:32:00.99999999627470925 | AB43: 30 | AC43: 2026-01-01T23:59:58.00000016111880300 | AD43: 2026-01-31T23:59:58.99999976623803075
A44: 1138 | B44: 35c7c04b-8da9-48cc-9f9c-c22427484d17 | C44: 6975628225361 | D44: Rotary Crayons 12 Colours | E44: Rotary Crayons 12 Colours | F44: 300 | G44: 7 | H44: 0 | I44: 0 | J44: 0 | K44: NULL | L44: Rotary Crayons 1.jpg | M44: Rotary Crayons 2.jpg | W44: 1500 | X44: 1 | Z44: 2025-06-26T13:32:00.99999999627470925 | AA44: 2025-06-26T13:32:00.99999999627470925 | AB44: 35 | AC44: 2026-01-01T23:59:58.00000016111880300 | AD44: 2026-01-31T23:59:58.99999976623803075
A45: 1143 | B45: 75fbe949-2140-4417-87a4-8c7b8c329e57 | C45: 6976693300700 | D45: B5 PP Spacer Book | E45: B5 PP Spacer Book | F45: 460 | G45: 7 | H45: 0 | I45: 0 | J45: 0 | K45: NULL | L45: Spacer Book.jpg | W45: 1500 | X45: 1 | Z45: 2025-06-26T13:32:00.99999999627470925 | AA45: 2025-06-26T13:32:00.99999999627470925 | AB45: 8.7 | AC45: 2026-01-01T23:59:58.00000016111880300 | AD45: 2026-01-31T23:59:58.99999976623803075
A46: 1164 | B46: 0e529343-9a7e-4b8d-a4be-fa628585a20f | C46: 6971082810433 | D46: 36 Colors WaterColor Pen WB 11001 36 | E46: 36 Colors WaterColor Pen WB-11001-36 | F46: 790 | G46: 7 | H46: 0 | I46: 0 | J46: 0 | K46: NULL | L46: Water Color Pen 36Colors 1.jpg | M46: Water Color Pen 36Colors 2.jpg | W46: 1500 | X46: 1 | Z46: 2025-06-26T13:32:00.99999999627470925 | AA46: 2025-06-26T13:32:00.99999999627470925 | AB46: 30.38 | AC46: 2026-01-01T23:59:58.00000016111880300 | AD46: 2026-01-31T23:59:58.99999976623803075
A47: 1166 | B47: 5eaaef05-2373-44a4-8f6f-9f4e0ca4e74e | C47: 6976693307433 | D47: A4 30 pages watercolor book | E47: A4 30 pages watercolor book | F47: 420 | G47: 7 | H47: 0 | I47: 0 | J47: 0 | K47: NULL | L47: Water Colour Book.jpg | M47: Water Colour Cake Set (16).jpg | W47: 1500 | X47: 1 | Z47: 2025-06-26T13:32:00.99999999627470925 | AA47: 2025-06-26T13:32:00.99999999627470925 | AB47: 29.76 | AC47: 2026-01-01T23:59:58.00000016111880300 | AD47: 2026-01-31T23:59:58.99999976623803075
A48: 1168 | B48: 0f17100f-7b35-45ab-9da9-b0ebcce8d031 | C48: 6975628227082 | D48: Bucket Watercolor Pencils 12 Colors Orange | E48: Bucket Watercolor Pencils 12 Colors Orange | F48: 200 | G48: 7 | H48: 0 | I48: 0 | J48: 0 | K48: NULL | L48: Bucket watercolor pencils 12 colors Orange.jpg | M48: Bucket watercolor pencils 12 colors Orange 1.jpg | W48: 1500 | X48: 1 | Z48: 2025-06-26T13:32:00.99999999627470925 | AA48: 2025-06-26T13:32:00.99999999627470925 | AB48: 30 | AC48: 2026-01-01T23:59:58.00000016111880300 | AD48: 2026-01-31T23:59:58.99999976623803075
A49: 1169 | B49: 39fc6658-3d5f-4a4e-b0af-0581b88c303b | C49: 6975628227082 | D49: Bucket Watercolor Pencils 12 Colors Blue | E49: Bucket Watercolor Pencils 12 Colors Blue | F49: 200 | G49: 7 | H49: 0 | I49: 0 | J49: 0 | K49: NULL | L49: Bucket watercolor pencils 12 colors Blue.jpg | M49: Bucket watercolor pencils 12 colors Blue 1.jpg | W49: 1500 | X49: 1 | Z49: 2025-06-26T13:32:00.99999999627470925 | AA49: 2025-06-26T13:32:00.99999999627470925 | AB49: 30 | AC49: 2026-01-01T23:59:58.00000016111880300 | AD49: 2026-01-31T23:59:58.99999976623803075
A50: 1170 | B50: 710c4c71-b8f6-46d1-9d7f-5bcc4b5513a2 | C50: 6975628227082 | D50: Bucket Watercolor Pencils 12 Colors Green | E50: Bucket Watercolor Pencils 12 Colors Green | F50: 200 | G50: 7 | H50: 0 | I50: 0 | J50: 0 | K50: NULL | L50: Bucket watercolor pencils 12 colors Green.jpg | M50: Bucket watercolor pencils 12 colors Green 1.jpg | W50: 1500 | X50: 1 | Z50: 2025-06-26T13:32:00.99999999627470925 | AA50: 2025-06-26T13:32:00.99999999627470925 | AB50: 30 | AC50: 2026-01-01T23:59:58.00000016111880300 | AD50: 2026-01-31T23:59:58.99999976623803075
A51: 1171 | B51: 084f082b-b0ba-4b7e-925d-9adb402b0d13 | C51: 6975628227082 | D51: Bucket Watercolor Pencils 12 Colors Pink | E51: Bucket Watercolor Pencils 12 Colors Pink | F51: 200 | G51: 7 | H51: 0 | I51: 0 | J51: 0 | K51: NULL | L51: Bucket watercolor pencils 12 colors Pink.jpg | M51: Bucket watercolor pencils 12 colors Pink 1.jpg | W51: 1500 | X51: 1 | Z51: 2025-06-26T13:32:00.99999999627470925 | AA51: 2025-06-26T13:32:00.99999999627470925 | AB51: 30 | AC51: 2026-01-01T23:59:58.00000016111880300 | AD51: 2026-01-31T23:59:58.99999976623803075
A52: 1172 | B52: c492c885-4ec6-4f40-97a3-79f736e76e37 | C52: 6975628227099 | D52: Bucket Watercolor Pencils 18 Colors Blue | E52: Bucket Watercolor Pencils 18 Colors Blue | F52: 280 | G52: 7 | H52: 0 | I52: 0 | J52: 0 | K52: NULL | L52: Bucket watercolor pencils 18 colors Blue.jpg | W52: 1500 | X52: 1 | Z52: 2025-06-26T13:32:00.99999999627470925 | AA52: 2025-06-26T13:32:00.99999999627470925 | AB52: 30.36 | AC52: 2026-01-01T23:59:58.00000016111880300 | AD52: 2026-01-31T23:59:58.99999976623803075
A53: 1173 | B53: e5390710-d4ba-4291-8fc8-df82e060fa82 | C53: 6975628227099 | D53: Bucket Watercolor Pencils 18 Colors Green | E53: Bucket Watercolor Pencils 18 Colors Green | F53: 280 | G53: 7 | H53: 0 | I53: 0 | J53: 0 | K53: NULL | L53: Bucket watercolor pencils 18 colors Green.jpg | M53: Bucket watercolor pencils 18 colors Green 1.jpg | W53: 1500 | X53: 1 | Z53: 2025-06-26T13:32:00.99999999627470925 | AA53: 2025-06-26T13:32:00.99999999627470925 | AB53: 30.36 | AC53: 2026-01-01T23:59:58.00000016111880300 | AD53: 2026-01-31T23:59:58.99999976623803075
A54: 1174 | B54: 85824ed0-90fc-433d-9ae6-c703846ca772 | C54: 6975628227099 | D54: Bucket Watercolor Pencils 18 Colors Pink | E54: Bucket Watercolor Pencils 18 Colors Pink | F54: 280 | G54: 7 | H54: 0 | I54: 0 | J54: 0 | K54: NULL | L54: Bucket watercolor pencils 18 colors Pink.jpg | M54: Bucket watercolor pencils 18 colors Pink 1.jpg | W54: 1500 | X54: 1 | Z54: 2025-06-26T13:32:00.99999999627470925 | AA54: 2025-06-26T13:32:00.99999999627470925 | AB54: 30.36 | AC54: 2026-01-01T23:59:58.00000016111880300 | AD54: 2026-01-31T23:59:58.99999976623803075
A55: 1175 | B55: 4d838bf6-84c3-4659-8d10-b57a96a5edd6 | C55: 6975628227099 | D55: Bucket Watercolor Pencils 18 Colors Orange | E55: Bucket Watercolor Pencils 18 Colors Orange | F55: 280 | G55: 7 | H55: 0 | I55: 0 | J55: 0 | K55: NULL | L55: Bucket watercolor pencils 18 colors Orange.jpg | M55: Bucket watercolor pencils 18 colors Orange 1.jpg | W55: 1500 | X55: 1 | Z55: 2025-06-26T13:32:00.99999999627470925 | AA55: 2025-06-26T13:32:00.99999999627470925 | AB55: 30.36 | AC55: 2026-01-01T23:59:58.00000016111880300 | AD55: 2026-01-31T23:59:58.99999976623803075
A56: 1176 | B56: 09f9b3c8-ec5f-40db-a9cb-f59b070c7c23 | C56: 6975628227105 | D56: Bucket Watercolor Pencils 24 Colors Orange | E56: Bucket Watercolor Pencils 24 Colors Orange | F56: 380 | G56: 7 | H56: 0 | I56: 0 | J56: 0 | K56: NULL | L56: Bucket watercolor pencils 24 colors Orange.jpg | M56: Bucket watercolor pencils 24 colors Orange 1.jpg | W56: 1500 | X56: 1 | Z56: 2025-06-26T13:32:00.99999999627470925 | AA56: 2025-06-26T13:32:00.99999999627470925 | AB56: 30.26 | AC56: 2026-01-01T23:59:58.00000016111880300 | AD56: 2026-01-31T23:59:58.99999976623803075
A57: 1177 | B57: 8ae0bf9c-69b4-44a2-9a56-a0e7d97742c5 | C57: 6975628227105 | D57: Bucket Watercolor Pencils 24 Colors Blue | E57: Bucket Watercolor Pencils 24 Colors Blue | F57: 380 | G57: 7 | H57: 0 | I57: 0 | J57: 0 | K57: NULL | L57: Bucket watercolor pencils 24 colors Blue.jpg | M57: Bucket watercolor pencils 24 colors Blue 1.jpg | W57: 1500 | X57: 1 | Z57: 2025-06-26T13:32:00.99999999627470925 | AA57: 2025-06-26T13:32:00.99999999627470925 | AB57: 30.26 | AC57: 2026-01-01T23:59:58.00000016111880300 | AD57: 2026-01-31T23:59:58.99999976623803075
A58: 1178 | B58: 93ccb7f1-0d2c-45c7-9b04-68c32d8c0022 | C58: 6975628227105 | D58: Bucket Watercolor Pencils 24 Colors Green | E58: Bucket Watercolor Pencils 24 Colors Green | F58: 380 | G58: 7 | H58: 0 | I58: 0 | J58: 0 | K58: NULL | L58: Bucket watercolor pencils 24 colors Green.jpg | M58: Bucket watercolor pencils 24 colors Green 1.jpg | W58: 1500 | X58: 1 | Z58: 2025-06-26T13:32:00.99999999627470925 | AA58: 2025-06-26T13:32:00.99999999627470925 | AB58: 30.26 | AC58: 2026-01-01T23:59:58.00000016111880300 | AD58: 2026-01-31T23:59:58.99999976623803075
A59: 1179 | B59: a74a260e-a239-4756-9b69-9016ebcdac7a | C59: 6975628227105 | D59: Bucket Watercolor Pencils 24 Colors Pink | E59: Bucket Watercolor Pencils 24 Colors Pink | F59: 380 | G59: 7 | H59: 0 | I59: 0 | J59: 0 | K59: NULL | L59: Bucket watercolor pencils 24 colors Pink.jpg | M59: Bucket watercolor pencils 24 colors Pink 1.jpg | W59: 1500 | X59: 1 | Z59: 2025-06-26T13:32:00.99999999627470925 | AA59: 2025-06-26T13:32:00.99999999627470925 | AB59: 30.26 | AC59: 2026-01-01T23:59:58.00000016111880300 | AD59: 2026-01-31T23:59:58.99999976623803075
A60: 1180 | B60: e9227054-9b96-450e-96d9-0898c69cc462 | C60: 6975628227105 | D60: Bucket Watercolor Pencils 36 Colors Pink | E60: Bucket Watercolor Pencils 36 Colors Pink | F60: 520 | G60: 7 | H60: 0 | I60: 0 | J60: 0 | K60: NULL | L60: Bucket watercolor pencils 36 colors Pink.jpg | M60: Bucket watercolor pencils 36 colors Pink 1.jpg | W60: 1500 | X60: 1 | Z60: 2025-06-26T13:32:00.99999999627470925 | AA60: 2025-06-26T13:32:00.99999999627470925 | AB60: 30.26 | AC60: 2026-01-01T23:59:58.00000016111880300 | AD60: 2026-01-31T23:59:58.99999976623803075
A61: 1181 | B61: 3e92a4ce-fc1c-4eca-9552-663bed430d4a | C61: 6975628227105 | D61: Bucket Watercolor Pencils 36 Colors Blue | E61: Bucket Watercolor Pencils 36 Colors Blue | F61: 520 | G61: 7 | H61: 0 | I61: 0 | J61: 0 | K61: NULL | L61: Bucket watercolor pencils 36 colors Blue.jpg | M61: Bucket watercolor pencils 36 colors Blue.jpg | W61: 1500 | X61: 1 | Z61: 2025-06-26T13:32:00.99999999627470925 | AA61: 2025-06-26T13:32:00.99999999627470925 | AB61: 30.26 | AC61: 2026-01-01T23:59:58.00000016111880300 | AD61: 2026-01-31T23:59:58.99999976623803075
A62: 1182 | B62: e2b92b5a-f17a-43d4-826e-b61179d09f93 | C62: 6975628227105 | D62: Bucket Watercolor Pencils 36 Colors Green | E62: Bucket Watercolor Pencils 36 Colors Green | F62: 520 | G62: 7 | H62: 0 | I62: 0 | J62: 0 | K62: NULL | L62: Bucket watercolor pencils 36 colors Green.jpg | M62: Bucket watercolor pencils 36 Green 1.jpg | W62: 1500 | X62: 1 | Z62: 2025-06-26T13:32:00.99999999627470925 | AA62: 2025-06-26T13:32:00.99999999627470925 | AB62: 30.26 | AC62: 2026-01-01T23:59:58.00000016111880300 | AD62: 2026-01-31T23:59:58.99999976623803075
A63: 1183 | B63: 6dc18199-6fda-45be-bb97-5f6dd48ff538 | C63: 6975628227105 | D63: Bucket Watercolor Pencils 36 Colors Orange | E63: Bucket Watercolor Pencils 36 Colors Orange | F63: 520 | G63: 7 | H63: 0 | I63: 0 | J63: 0 | K63: NULL | L63: Bucket watercolor pencils 36 colors Orange.jpg | M63: Bucket watercolor pencils 36 colors Orange 1.jpg | W63: 1500 | X63: 1 | Z63: 2025-06-26T13:32:00.99999999627470925 | AA63: 2025-06-26T13:32:00.99999999627470925 | AB63: 30.26 | AC63: 2026-01-01T23:59:58.00000016111880300 | AD63: 2026-01-31T23:59:58.99999976623803075
A64: 1184 | B64: e34945ac-c008-49d6-adbb-21061fadf4c9 | C64: 6971082817432 | D64: Weibo color pencil 12 colors | E64: Weibo color pencil 12 colors | F64: 200 | G64: 7 | H64: 0 | I64: 0 | J64: 0 | K64: NULL | L64: Color pencil 12 colors Blue 1.jpg | M64: Color pencil 12 colors Pink 1.jpg | W64: 1500 | X64: 1 | Z64: 2025-06-26T13:32:00.99999999627470925 | AA64: 2025-06-26T13:32:00.99999999627470925 | AB64: 30.56 | AC64: 2026-01-01T23:59:58.00000016111880300 | AD64: 2026-01-31T23:59:58.99999976623803075
A65: 1185 | B65: 9668c669-5bf0-419e-bf7d-a610d63c252f | C65: 6971082817449 | D65: Weibo color pencil 18 colors blue | E65: Weibo color pencil 18 colors blue | F65: 280 | G65: 7 | H65: 0 | I65: 0 | J65: 0 | K65: NULL | L65: Color pencil 18 colors Blue 1.jpg | W65: 1500 | X65: 1 | Z65: 2025-06-26T13:32:00.99999999627470925 | AA65: 2025-06-26T13:32:00.99999999627470925 | AB65: 30.36 | AC65: 2026-01-01T23:59:58.00000016111880300 | AD65: 2026-01-31T23:59:58.99999976623803075
A66: 1186 | B66: 56330b79-2677-41f2-a96f-c67bc804062c | C66: 6971082817449 | D66: Weibo color pencil 18 colors green | E66: Weibo color pencil 18 colors green | F66: 280 | G66: 7 | H66: 0 | I66: 0 | J66: 0 | K66: NULL | L66: Color pencil 18 colors Green 1.jpg | W66: 1500 | X66: 1 | Z66: 2025-06-26T13:32:00.99999999627470925 | AA66: 2025-06-26T13:32:00.99999999627470925 | AB66: 30.36 | AC66: 2026-01-01T23:59:58.00000016111880300 | AD66: 2026-01-31T23:59:58.99999976623803075
A67: 1187 | B67: 5ae76b55-8d43-44cb-a1bf-d9b2d84f93d4 | C67: 6971082817449 | D67: Weibo color pencil 18 colors pink | E67: Weibo color pencil 18 colors pink | F67: 280 | G67: 7 | H67: 0 | I67: 0 | J67: 0 | K67: NULL | L67: Color pencil 18 colors Pink 1.jpg | W67: 1500 | X67: 1 | Z67: 2025-06-26T13:32:00.99999999627470925 | AA67: 2025-06-26T13:32:00.99999999627470925 | AB67: 30.36 | AC67: 2026-01-01T23:59:58.00000016111880300 | AD67: 2026-01-31T23:59:58.99999976623803075
A68: 1188 | B68: 27ebcc9b-7cd2-411f-8749-41e84965c98c | C68: 6971082817456 | D68: Weibo color pencil 24 colors pink | E68: Weibo color pencil 24 colors pink | F68: 360 | G68: 7 | H68: 0 | I68: 0 | J68: 0 | K68: NULL | L68: Color pencil 24 colors Pink 1.jpg | W68: 1500 | X68: 1 | Z68: 2025-06-26T13:32:00.99999999627470925 | AA68: 2025-06-26T13:32:00.99999999627470925 | AB68: 30 | AC68: 2026-01-01T23:59:58.00000016111880300 | AD68: 2026-01-31T23:59:58.99999976623803075
A69: 1189 | B69: e6e8064e-a5f7-478a-8d62-131b585e7a0e | C69: 6971082817456 | D69: Weibo color pencil 24 colors Blue | E69: Weibo color pencil 24 colors Blue | F69: 360 | G69: 7 | H69: 0 | I69: 0 | J69: 0 | K69: NULL | L69: Color pencil 24 colors Blue 1.jpg | W69: 1500 | X69: 1 | Z69: 2025-06-26T13:32:00.99999999627470925 | AA69: 2025-06-26T13:32:00.99999999627470925 | AB69: 30 | AC69: 2026-01-01T23:59:58.00000016111880300 | AD69: 2026-01-31T23:59:58.99999976623803075
A70: 1190 | B70: 0fdbe4e6-6c88-40bc-976d-ea3bee64b070 | C70: 6971082817456 | D70: Weibo color pencil 24 colors green | E70: Weibo color pencil 24 colors green | F70: 360 | G70: 7 | H70: 0 | I70: 0 | J70: 0 | K70: NULL | L70: Color pencil 24 colors Green 1.jpg | W70: 1500 | X70: 1 | Z70: 2025-06-26T13:32:00.99999999627470925 | AA70: 2025-06-26T13:32:00.99999999627470925 | AB70: 30 | AC70: 2026-01-01T23:59:58.00000016111880300 | AD70: 2026-01-31T23:59:58.99999976623803075
A71: 1191 | B71: 78ec7d5e-443b-4672-8852-dc4a4b66c0cf | C71: 6971082817463 | D71: Weibo color pencil 36 colors blue | E71: Weibo color pencil 36 colors blue | F71: 510 | G71: 7 | H71: 0 | I71: 0 | J71: 0 | K71: NULL | L71: Color pencil 36 colors Blue 1.jpg | W71: 1500 | X71: 1 | Z71: 2025-06-26T13:32:00.99999999627470925 | AA71: 2025-06-26T13:32:00.99999999627470925 | AB71: 30.23 | AC71: 2026-01-01T23:59:58.00000016111880300 | AD71: 2026-01-31T23:59:58.99999976623803075
A72: 1192 | B72: 65e130fe-aa6e-47cf-80e1-c6540c151522 | C72: 6971082817463 | D72: Weibo color pencil 36 colors pink | E72: Weibo color pencil 36 colors pink | F72: 510 | G72: 7 | H72: 0 | I72: 0 | J72: 0 | K72: NULL | L72: Color pencil 36 colors pink 1.jpg | W72: 1500 | X72: 1 | Z72: 2025-06-26T13:32:00.99999999627470925 | AA72: 2025-06-26T13:32:00.99999999627470925 | AB72: 30.23 | AC72: 2026-01-01T23:59:58.00000016111880300 | AD72: 2026-01-31T23:59:58.99999976623803075
A73: 1193 | B73: 79e5e356-3291-4ea2-bd9c-41d29fd1fa35 | C73: 6971082817463 | D73: Weibo color pencil 36 colors green | E73: Weibo color pencil 36 colors green | F73: 510 | G73: 7 | H73: 0 | I73: 0 | J73: 0 | K73: NULL | L73: Color pencil 36 colors Green 1.jpg | W73: 1500 | X73: 1 | Z73: 2025-06-26T13:32:00.99999999627470925 | AA73: 2025-06-26T13:32:00.99999999627470925 | AB73: 30.23 | AC73: 2026-01-01T23:59:58.00000016111880300 | AD73: 2026-01-31T23:59:58.99999976623803075
A74: 1673 | B74: b90f4d05-3b78-4cab-a757-27e473e748ca | C74: 6977272396039 | D74: Puzzle Board | E74: Puzzle Board | F74: 4350 | G74: 6 | H74: 50 | I74: 176 | J74: 0 | K74: NULL | L74: 6977272396039.jpg | W74: 1500 | X74: 1 | Z74: 2025-06-26T13:32:00.99999999627470925 | AA74: 2025-06-26T13:32:00.99999999627470925 | AB74: 31.26 | AC74: 2026-01-01T23:59:58.00000016111880300 | AD74: 2026-01-31T23:59:58.99999976623803075
A75: 2391 | B75: 814d4180-872d-4d97-9ea6-86a3d5de0ee2 | C75: 6920250101002 | D75: YJ Shadow Pillow - 45CM | E75: YJ Shadow Pillow - - 45CM | F75: 1150 | G75: 10 | H75: 0 | I75: 0 | J75: 0 | K75: NULL | L75: 6920250101002.jpg | W75: 1500 | X75: 1 | Z75: 2025-06-26T13:32:00.99999999627470925 | AA75: 2025-06-26T13:32:00.99999999627470925 | AB75: 30 | AC75: 2026-01-01T23:59:58.00000016111880300 | AD75: 2026-01-31T23:59:58.99999976623803075
A76: 2392 | B76: b3fa599f-937c-43db-8f37-5b74dea9e2e4 | C76: 6920250101026 | D76: YJ Square Cookie Pillow - 40CM | E76: YJ Square Cookie Pillow - 40CM | F76: 1160 | G76: 10 | H76: 0 | I76: 0 | J76: 0 | K76: NULL | L76: 6920250101026.jpg | W76: 1500 | X76: 1 | Z76: 2025-06-26T13:32:00.99999999627470925 | AA76: 2025-06-26T13:32:00.99999999627470925 | AB76: 30.17 | AC76: 2026-01-01T23:59:58.00000016111880300 | AD76: 2026-01-31T23:59:58.99999976623803075
A77: 2393 | B77: fd93a4fb-e678-447f-8aae-01a0e82e85bb | C77: 6920250101033 | D77: LCQ Ice Feeling Love Pillow - 50CM | E77: LCQ Ice Feeling Love Pillow - 50CM | F77: 1320 | G77: 10 | H77: 0 | I77: 0 | J77: 0 | K77: NULL | L77: 6920250101033.jpg | M77: 6920250101033-B.jpg | W77: 1500 | X77: 1 | Z77: 2025-06-26T13:32:00.99999999627470925 | AA77: 2025-06-26T13:32:00.99999999627470925 | AB77: 29.92 | AC77: 2026-01-01T23:59:58.00000016111880300 | AD77: 2026-01-31T23:59:58.99999976623803075
A78: 2394 | B78: a36c728a-7cff-4df6-8266-f2fe6442df31 | C78: 6920250101040 | D78: LCQ striped bear head lumbar cushion | E78: LCQ striped bear head lumbar cushion | F78: 1270 | G78: 10 | H78: 0 | I78: 0 | J78: 0 | K78: NULL | L78: 6920250101040.jpg | M78: 6920250101040-B.jpg | N78: 6920250101040-C.jpg | O78: 6920250101040-D.jpg | W78: 1500 | X78: 1 | Z78: 2025-06-26T13:32:00.99999999627470925 | AA78: 2025-06-26T13:32:00.99999999627470925 | AB78: 29.92 | AC78: 2026-01-01T23:59:58.00000016111880300 | AD78: 2026-01-31T23:59:58.99999976623803075
A79: 2395 | B79: cd092d30-6be6-444b-899c-b412a8e93f44 | C79: 6920250101057 | D79: QBT Animal Cushion - 55CM | E79: QBT Animal Cushion - 55CM | F79: 1900 | G79: 10 | H79: 0 | I79: 0 | J79: 0 | K79: NULL | L79: 6920250101057.jpg | M79: 6920250101057-B.jpg | N79: 6920250101057-C.jpg | O79: 6920250101057-D.jpg | W79: 1500 | X79: 1 | Z79: 2025-06-26T13:32:00.99999999627470925 | AA79: 2025-06-26T13:32:00.99999999627470925 | AB79: 30 | AC79: 2026-01-01T23:59:58.00000016111880300 | AD79: 2026-01-31T23:59:58.99999976623803075
A80: 2396 | B80: d85cd40e-039e-4d31-a797-7ec2e1b7a8f8 | C80: 6920250101064 | D80: YJ Vitamin C Fruit Round Cushion - 45CM | E80: YJ Vitamin C Fruit Round Cushion - 45CM | F80: 830 | G80: 10 | H80: 0 | I80: 0 | J80: 0 | K80: NULL | L80: 6920250101064.jpg | M80: 6920250101064-B.jpg | N80: 6920250101064-C.jpg | W80: 1500 | X80: 1 | Z80: 2025-06-26T13:32:00.99999999627470925 | AA80: 2025-06-26T13:32:00.99999999627470925 | AB80: 30.12 | AC80: 2026-01-01T23:59:58.00000016111880300 | AD80: 2026-01-31T23:59:58.99999976623803075
A81: 2397 | B81: 72c65be0-cc73-4da8-82d8-d01892239147 | C81: 6920250101071 | D81: LY Waffle Neck Pillow | E81: LY Waffle Neck Pillow | F81: 900 | G81: 10 | H81: 0 | I81: 0 | J81: 0 | K81: NULL | L81: 6920250101071.jpg | M81: 6920250101071-B.jpg | N81: 6920250101071-C.jpg | O81: 6920250101071-D.jpg | W81: 1500 | X81: 1 | Z81: 2025-06-26T13:32:00.99999999627470925 | AA81: 2025-06-26T13:32:00.99999999627470925 | AB81: 30 | AC81: 2026-01-01T23:59:58.00000016111880300 | AD81: 2026-01-31T23:59:58.99999976623803075
A82: 2398 | B82: bc7d6808-6f85-4e75-813c-58cc090b794f | C82: 6920250101088 | D82: LY Quick Dry Reflective Stripe Bicuspid Neck Pillow | E82: LY Quick Dry Reflective Stripe Bicuspid Neck Pillow | F82: 950 | G82: 10 | H82: 0 | I82: 0 | J82: 0 | K82: NULL | L82: 6920250101088.jpg | M82: 6920250101088-B.jpg | N82: 6920250101088-C.jpg | O82: 6920250101088-D.jpg | W82: 1500 | X82: 1 | Z82: 2025-06-26T13:32:00.99999999627470925 | AA82: 2025-06-26T13:32:00.99999999627470925 | AB82: 30 | AC82: 2026-01-01T23:59:58.00000016111880300 | AD82: 2026-01-31T23:59:58.99999976623803075
A83: 2399 | B83: bc297310-8428-4d86-a7b8-cefaac97c4ba | C83: 6920250101101 | D83: LCQ Heart Shape Functional Pillow | E83: LCQ Heart Shape Functional Pillow | F83: 1220 | G83: 10 | H83: 0 | I83: 0 | J83: 0 | K83: NULL | L83: 6920250101101.jpg | M83: 6920250101101-B.jpg | W83: 1500 | X83: 1 | Z83: 2025-06-26T13:32:00.99999999627470925 | AA83: 2025-06-26T13:32:00.99999999627470925 | AB83: 29.92 | AC83: 2026-01-01T23:59:58.00000016111880300 | AD83: 2026-01-31T23:59:58.99999976623803075
A84: 2400 | B84: 21cb71e7-50ec-43fb-a6e6-5144074c2484 | C84: 6920250101118 | D84: LY Cartoon Neck Pillow | E84: LY Cartoon Neck Pillow | F84: 820 | G84: 10 | H84: 0 | I84: 0 | J84: 0 | K84: NULL | L84: 6920250101118.jpg | M84: 6920250101118-B.jpg | N84: 6920250101118-C.jpg | O84: 6920250101118-D.jpg | W84: 1500 | X84: 1 | Z84: 2025-06-26T13:32:00.99999999627470925 | AA84: 2025-06-26T13:32:00.99999999627470925 | AB84: 29.88 | AC84: 2026-01-01T23:59:58.00000016111880300 | AD84: 2026-01-31T23:59:58.99999976623803075
A85: 2401 | B85: 763a2244-93b6-42ed-874e-6c4e4143dce3 | C85: 6920250103877 | D85: YJ Sweetheart Donut - 42CM | E85: YJ Sweetheart Donut - 42CM | F85: 960 | G85: 10 | H85: 0 | I85: 0 | J85: 0 | K85: NULL | L85: 6920250103877.jpg | M85: 6920250103877-B.jpg | W85: 1500 | X85: 1 | Z85: 2025-06-26T13:32:00.99999999627470925 | AA85: 2025-06-26T13:32:00.99999999627470925 | AB85: 30.21 | AC85: 2026-01-01T23:59:58.00000016111880300 | AD85: 2026-01-31T23:59:58.99999976623803075
A86: 2402 | B86: c63dbccd-e015-4beb-8adf-c0a96303fc4a | C86: 6920250103983 | D86: WM Stars and Moon Pillow - 45CM | E86: WM Stars and Moon Pillow - 45CM | F86: 1130 | G86: 10 | H86: 0 | I86: 0 | J86: 0 | K86: NULL | L86: 6920250103983.jpg | M86: 6920250103983-B.jpg | W86: 1500 | X86: 1 | Z86: 2025-06-26T13:32:00.99999999627470925 | AA86: 2025-06-26T13:32:00.99999999627470925 | AB86: 30.09 | AC86: 2026-01-01T23:59:58.00000016111880300 | AD86: 2026-01-31T23:59:58.99999976623803075
A87: 2403 | B87: cfe61dde-16c5-420b-98cc-b22d350490f5 | C87: 6920250103990 | D87: YJ Soft Sauce Fruit & Vegetable Pillow - 45CM | E87: YJ Soft Sauce Fruit & Vegetable Pillow - 45CM | F87: 970 | G87: 10 | H87: 0 | I87: 0 | J87: 0 | K87: NULL | L87: 6920250103990.jpg | M87: 6920250103990-B.jpg | N87: 6920250103990-C.jpg | W87: 1500 | X87: 1 | Z87: 2025-06-26T13:32:00.99999999627470925 | AA87: 2025-06-26T13:32:00.99999999627470925 | AB87: 29.9 | AC87: 2026-01-01T23:59:58.00000016111880300 | AD87: 2026-01-31T23:59:58.99999976623803075
A88: 3386 | B88: d501b523-1986-4a26-a2d6-3a0309741f0a | C88: 6920250103853 | D88: Sweater Bear - 95CM | E88: Sweater Bear - 95CM | F88: 4130 | G88: 6 | H88: 48 | I88: 171 | J88: 0 | K88: NULL | L88: 6920250103853.jpg | M88: NULL | N88: NULL | O88: NULL | P88: NULL | Q88: NULL | R88: NULL | S88: NULL | T88: NULL | U88: NULL | V88: NULL | W88: 1500 | X88: 1 | Y88: NULL | Z88: 2025-11-20T10:03:08.9999999664723900 | AA88: 2025-11-20T10:03:08.9999999664723900 | AB88: 30.02 | AC88: 2026-01-01T23:59:58.00000016111880300 | AD88: 2026-01-31T23:59:58.99999976623803075
A89: 3387 | B89: b37e4389-678f-43f7-8e47-939ecfca1a89 | C89: 6945680950532 | D89: Scarf Colorful Bear 80CM | E89: Scarf Colorful Bear 80CM | F89: 5850 | G89: 6 | H89: 48 | I89: 171 | J89: 0 | K89: NULL | L89: 6945680950532.jpg | M89: NULL | N89: NULL | O89: NULL | P89: NULL | Q89: NULL | R89: NULL | S89: NULL | T89: NULL | U89: NULL | V89: NULL | W89: 1500 | X89: 1 | Y89: NULL | Z89: 2025-11-20T10:03:08.9999999664723900 | AA89: 2025-11-20T10:03:08.9999999664723900 | AB89: 30 | AC89: 2026-01-01T23:59:58.99999976623803075 | AD89: 2026-01-31T23:59:58.99999976623803075
A90: 3388 | B90: 32aa67f3-562d-464e-8370-d15cc7d6bb93 | C90: 6945465530232 | D90: Naughty Bell Dog 23CM | E90: Naughty Bell Dog 23CM | F90: 820 | G90: 6 | H90: 48 | I90: 171 | J90: 0 | K90: NULL | L90: 6945465530232-Grey-B.jpg | M90: 6945465530232-Grey.jpg | N90: 6945465530232-White-B.jpg | O90: 6945465530232-White.jpg | P90: NULL | Q90: NULL | R90: NULL | S90: NULL | T90: NULL | U90: NULL | V90: NULL | W90: 1500 | X90: 1 | Y90: NULL | Z90: 2025-11-20T10:03:08.9999999664723900 | AA90: 2025-11-20T10:03:08.9999999664723900 | AB90: 29.88 | AC90: 2026-01-01T23:59:58.00000016111880300 | AD90: 2026-01-31T23:59:58.99999976623803075
A91: 3389 | B91: cdaae2ff-34c9-487d-a8e8-fa4aa6752572 | C91: 6920250103419 | D91: Flower Sitting Bear 22CM | E91: Flower Sitting Bear 22CM | F91: 700 | G91: 6 | H91: 48 | I91: 171 | J91: 0 | K91: NULL | L91: 6920250103419-Brown.jpg | M91: 6920250103419.jpg | N91: NULL | O91: NULL | P91: NULL | Q91: NULL | R91: NULL | S91: NULL | T91: NULL | U91: NULL | V91: NULL | W91: 1500 | X91: 1 | Y91: NULL | Z91: 2025-11-20T10:03:08.9999999664723900 | AA91: 2025-11-20T10:03:08.9999999664723900 | AB91: 30 | AC91: 2026-01-01T23:59:58.00000016111880300 | AD91: 2026-01-31T23:59:58.99999976623803075
A92: 3393 | B92: 591e585f-2bfe-4deb-8492-8d7672b8fce5 | C92: 6920250103396 | D92: Colorful Bear 30CM | E92: Colorful Bear 30CM | F92: 800 | G92: 6 | H92: 48 | I92: 171 | J92: 0 | K92: NULL | L92: 6920250103396-B.jpg | M92: 6920250103396-C.jpg | N92: 6920250103396.jpg | O92: NULL | P92: NULL | Q92: NULL | R92: NULL | S92: NULL | T92: NULL | U92: NULL | V92: NULL | W92: 1500 | X92: 1 | Y92: NULL | Z92: 2025-11-20T10:03:08.9999999664723900 | AA92: 2025-11-20T10:03:08.9999999664723900 | AB92: 30 | AC92: 2026-01-01T23:59:58.00000016111880300 | AD92: 2026-01-31T23:59:58.99999976623803075
A93: 3394 | B93: d7befd29-b256-4f8b-8414-752ea5e6537d | C93: 6920250103402 | D93: Bell Dog 23CM | E93: Bell Dog 23CM | F93: 820 | G93: 6 | H93: 48 | I93: 171 | J93: 0 | K93: NULL | L93: 6920250103402-.jpg | M93: 6920250103402-B.jpg | N93: 6920250103402.jpg | O93: NULL | P93: NULL | Q93: NULL | R93: NULL | S93: NULL | T93: NULL | U93: NULL | V93: NULL | W93: 1500 | X93: 1 | Y93: NULL | Z93: 2025-11-20T10:03:08.9999999664723900 | AA93: 2025-11-20T10:03:08.9999999664723900 | AB93: 29.88 | AC93: 2026-01-01T23:59:58.00000016111880300 | AD93: 2026-01-31T23:59:58.99999976623803075
A94: 3395 | B94: 6153f72f-38bc-4547-b696-cedd86cff9f8 | C94: 6920250103204 | D94: Tri-Color Scarf Bear 30CM | E94: Tri-Color Scarf Bear 30CM | F94: 600 | G94: 6 | H94: 48 | I94: 171 | J94: 0 | K94: NULL | L94: 6920250103204.jpg | M94: NULL | N94: NULL | O94: NULL | P94: NULL | Q94: NULL | R94: NULL | S94: NULL | T94: NULL | U94: NULL | V94: NULL | W94: 1500 | X94: 1 | Y94: NULL | Z94: 2025-11-20T10:03:08.9999999664723900 | AA94: 2025-11-20T10:03:08.9999999664723900 | AB94: 30 | AC94: 2026-01-01T23:59:58.00000016111880300 | AD94: 2026-01-31T23:59:58.99999976623803075
A95: 3396 | B95: 712d7a0a-2aa2-48be-a873-1768616ca8d4 | C95: 6920250103440 | D95: Confession Doodle Pig 23CM | E95: Confession Doodle Pig 23CM | F95: 720 | G95: 6 | H95: 48 | I95: 171 | J95: 0 | K95: NULL | L95: 6920250103440.jpg | M95: NULL | N95: NULL | O95: NULL | P95: NULL | Q95: NULL | R95: NULL | S95: NULL | T95: NULL | U95: NULL | V95: NULL | W95: 1500 | X95: 1 | Y95: NULL | Z95: 2025-11-20T10:03:08.9999999664723900 | AA95: 2025-11-20T10:03:08.9999999664723900 | AB95: 29.86 | AC95: 2026-01-01T23:59:58.00000016111880300 | AD95: 2026-01-31T23:59:58.99999976623803075
A96: 3398 | B96: 81a3ea45-8e20-43d9-aaab-f728b8c33882 | C96: 6920250103334 | D96: Dot Bow Tie Bear 30CM | E96: Dot Bow Tie Bear 30CM | F96: 840 | G96: 6 | H96: 48 | I96: 171 | J96: 0 | K96: NULL | L96: 6920250103334-B.jpg | M96: 6920250103334.jpg | N96: NULL | O96: NULL | P96: NULL | Q96: NULL | R96: NULL | S96: NULL | T96: NULL | U96: NULL | V96: NULL | W96: 1500 | X96: 1 | Y96: NULL | Z96: 2025-11-20T10:03:08.9999999664723900 | AA96: 2025-11-20T10:03:08.9999999664723900 | AB96: 29.76 | AC96: 2026-01-01T23:59:58.00000016111880300 | AD96: 2026-01-31T23:59:58.99999976623803075
A97: 3399 | B97: 366d3dd5-2e64-4f36-89cb-8f562e57d24e | C97: 6945465530201 | D97: Naughty Meow 23CM | E97: Naughty Meow 23CM | F97: 1070 | G97: 6 | H97: 48 | I97: 171 | J97: 0 | K97: NULL | L97: 6945465530201-B.jpg | M97: 6945465530201-C.jpg | N97: 6945465530201.jpg | O97: NULL | P97: NULL | Q97: NULL | R97: NULL | S97: NULL | T97: NULL | U97: NULL | V97: NULL | W97: 1500 | X97: 1 | Y97: NULL | Z97: 2025-11-20T10:03:08.9999999664723900 | AA97: 2025-11-20T10:03:08.9999999664723900 | AB97: 29.91 | AC97: 2026-01-01T23:59:58.00000016111880300 | AD97: 2026-01-31T23:59:58.99999976623803075
A98: 3400 | B98: 31dc8832-7623-4031-a88b-26eca1d95c27 | C98: 6920250103860 | D98: Bichon Frise Bib Dog | E98: Bichon Frise Bib Dog | F98: 1700 | G98: 6 | H98: 48 | I98: 171 | J98: 0 | K98: NULL | L98: 6920250103860.jpg | M98: NULL | N98: NULL | O98: NULL | P98: NULL | Q98: NULL | R98: NULL | S98: NULL | T98: NULL | U98: NULL | V98: NULL | W98: 1500 | X98: 1 | Y98: NULL | Z98: 2025-11-20T10:03:08.9999999664723900 | AA98: 2025-11-20T10:03:08.9999999664723900 | AB98: 30 | AC98: 2026-01-01T23:59:58.00000016111880300 | AD98: 2026-01-31T23:59:58.99999976623803075
A99: 3401 | B99: acd0fe6d-ceca-4e0c-8efa-762fb0fada1f | C99: 6920250103624 | D99: Sitting Flower Bear | E99: Sitting Flower Bear | F99: 2020 | G99: 6 | H99: 48 | I99: 171 | J99: 0 | K99: NULL | L99: 6920250103624-B.jpg | M99: 6920250103624-C.jpg | N99: 6920250103624.jpg | O99: NULL | P99: NULL | Q99: NULL | R99: NULL | S99: NULL | T99: NULL | U99: NULL | V99: NULL | W99: 1500 | X99: 1 | Y99: NULL | Z99: 2025-11-20T10:03:08.9999999664723900 | AA99: 2025-11-20T10:03:08.9999999664723900 | AB99: 29.95 | AC99: 2026-01-01T23:59:58.00000016111880300 | AD99: 2026-01-31T23:59:58.99999976623803075
... A110: 3461 | B110: cd59408e-8af3-4af7-8ce7-087edc6475e4 | C110: 6920250103457 | D110: Tun Tun Bear 28CM | E110: Tun Tun Bear 28CM | F110: 1020 | G110: 6 | H110: 48 | I110: 171 | J110: 0 | K110: NULL | L110: 6920250103457.jpg | M110: NULL | N110: NULL | O110: NULL | P110: NULL | Q110: NULL | R110: NULL | S110: NULL | T110: NULL | U110: NULL | V110: NULL | W110: 1500 | X110: 1 | Y110: NULL | Z110: 2025-11-20T10:03:08.9999999664723900 | AA110: 2025-11-20T10:03:08.9999999664723900 | AB110: 29.9 | AC110: 2026-01-01T23:59:58.00000016111880300 | AD110: 2026-01-31T23:59:58.99999976623803075

Sheet Sheet1
A1: barcode | B1: selling_price
A2: 6920250103143 | B2: 550
A3: 6920250103150 | B3: 420
A4: 6920250103181 | B4: 520
A5: 6920250103358 | B5: 640
A6: 6920250103396 | B6: 800
A7: 6920250103419 | B7: 700
A8: 6920250103532 | B8: 780
A9: 6971082817432 | B9: 200
A10: 6971082817449 | B10: 280
A11: 6971082817456 | B11: 360
A12: 6976693300076 | B12: 320
A13: 6976693300090 | B13: 700
... A110: 6920250103457 | B110: 1020

Sheet Sheet2
A1: BARCODE
A2: 5602023218025 | B2: 250 | C2: =IFERROR(IF(B2 = VLOOKUP(A2, Sheet1!A:B, 2, FALSE), "Match", "Price Mismatch"), "Barcode Not Found") -> Barcode Not Found
A3: 5602023218032 | B3: 150 | C3: =IFERROR(IF(B3 = VLOOKUP(A3, Sheet1!A:B, 2, FALSE), "Match", "Price Mismatch"), "Barcode Not Found") -> Barcode Not Found
A4: 5602023218049 | B4: 180 | C4: =IFERROR(IF(B4 = VLOOKUP(A4, Sheet1!A:B, 2, FALSE), "Match", "Price Mismatch"), "Barcode Not Found") -> Barcode Not Found
A5: 5602023218056 | B5: 200 | C5: =IFERROR(IF(B5 = VLOOKUP(A5, Sheet1!A:B, 2, FALSE), "Match", "Price Mismatch"), "Barcode Not Found") -> Barcode Not Found
A6: 6975628229932 | B6: 200 | C6: =IFERROR(IF(B6 = VLOOKUP(A6, Sheet1!A:B, 2, FALSE), "Match", "Price Mismatch"), "Barcode Not Found") -> Barcode Not Found
A7: 6976693302551 | B7: 300 | C7: =IFERROR(IF(B7 = VLOOKUP(A7, Sheet1!A:B, 2, FALSE), "Match", "Price Mismatch"), "Barcode Not Found") -> Barcode Not Found
A8: 6975628229949 | B8: 240 | C8: =IFERROR(IF(B8 = VLOOKUP(A8, Sheet1!A:B, 2, FALSE), "Match", "Price Mismatch"), "Barcode Not Found") -> Barcode Not Found
A9: 6949832800072 | B9: 200 | C9: =IFERROR(IF(B9 = VLOOKUP(A9, Sheet1!A:B, 2, FALSE), "Match", "Price Mismatch"), "Barcode Not Found") -> Barcode Not Found
A10: 6949832880012 | B10: 200 | C10: =IFERROR(IF(B10 = VLOOKUP(A10, Sheet1!A:B, 2, FALSE), "Match", "Price Mismatch"), "Barcode Not Found") -> Barcode Not Found
A11: 6949832800270 | B11: 200 | C11: =IFERROR(IF(B11 = VLOOKUP(A11, Sheet1!A:B, 2, FALSE), "Match", "Price Mismatch"), "Barcode Not Found") -> Barcode Not Found
A12: 6949832800065 | B12: 200 | C12: =IFERROR(IF(B12 = VLOOKUP(A12, Sheet1!A:B, 2, FALSE), "Match", "Price Mismatch"), "Barcode Not Found") -> Barcode Not Found
A13: 6949832800096 | B13: 200 | C13: =IFERROR(IF(B13 = VLOOKUP(A13, Sheet1!A:B, 2, FALSE), "Match", "Price Mismatch"), "Barcode Not Found") -> Barcode Not Found
... A104: 6973281334543 | B104: 240 | C104: =IFERROR(IF(B104 = VLOOKUP(A104, Sheet1!A:B, 2, FALSE), "Match", "Price Mismatch"), "Barcode Not Found") -> Barcode Not Found
A106: 1
